Workbook

Sheet Raw Data
A1: case_id | B1: category | C1: osi_layer | D1: severity | E1: difficulty | F1: red_herring | G1: ai_confidence | H1: human_verdict
A2: C001 | B2: stp | C2: 2 | D2: high | E2: hard | F2: no | G2: 90 | H2: Rejected
A3: C002 | B3: fhrp | C3: 3 | D3: high | E3: hard | F3: yes | G3: 85 | H3: Rejected
A4: C003 | B4: vlan | C4: 2 | D4: medium | E4: easy | F4: no | G4: 95 | H4: Accepted
A5: C004 | B5: security | C5: 1 | D5: medium | E5: medium | F5: no | G5: 95 | H5: Accepted
A6: C005 | B6: dns | C6: 7 | D6: medium | E6: easy | F6: yes | G6: 95 | H6: Edited
A7: C006 | B7: routing | C7: 3 | D7: medium | E7: hard | F7: no | G7: 90 | H7: Rejected
A8: C007 | B8: nat | C8: 3 | D8: high | E8: medium | F8: no | G8: 95 | H8: Accepted
A9: C008 | B9: wireless | C9: 2 | D9: medium | E9: medium | F9: no | G9: 90 | H9: Accepted
A10: C009 | B10: acl | C10: 4 | D10: medium | E10: easy | F10: no | G10: 98 | H10: Edited
A11: C010 | B11: vlan | C11: 2 | D11: high | E11: hard | F11: no | G11: 95 | H11: Edited
A12: C011 | B12: routing | C12: 3 | D12: medium | E12: hard | F12: yes | G12: 90 | H12: Rejected
A13: C012 | B13: dhcp | C13: 3 | D13: high | E13: easy | F13: no | G13: 95 | H13: Accepted
... A36: C035 | B36: ip-addressing | C36: 3 | D36: medium | E36: easy | F36: no | G36: 100 | H36: Accepted

Sheet Summary
A1: NetSage AI — Diagnosis Review Summary
A2: 35 troubleshooting cases · AI diagnosis vs. human review
A4: Overall AI vs. Human Agreement
A5: Verdict | B5: Count | C5: % of cases
A6: Accepted | B6: =COUNTIF('Raw Data'!$H$2:$H$36,A6) -> 24 | C6: =B6/35 -> 0.68571429
A7: Edited | B7: =COUNTIF('Raw Data'!$H$2:$H$36,A7) -> 7 | C7: =B7/35 -> 0.2
A8: Rejected | B8: =COUNTIF('Raw Data'!$H$2:$H$36,A8) -> 4 | C8: =B8/35 -> 0.11428571
A9: Total | B9: =SUM(B6:B8) -> 35 | C9: =SUM(C6:C8) -> 1
A12: By Category
A13: Category | B13: Total Cases | C13: Accepted | D13: Edited | E13: Rejected | F13: Accept Rate
A14: acl | B14: =COUNTIF('Raw Data'!$B$2:$B$36,A14) -> 2 | C14: =COUNTIFS('Raw Data'!$B$2:$B$36,A14,'Raw Data'!$H$2:$H$36,"Accepted") -> 1 | D14: =COUNTIFS('Raw Data'!$B$2:$B$36,A14,'Raw Data'!$H$2:$H$36,"Edited") -> 1 | E14: =COUNTIFS('Raw Data'!$B$2:$B$36,A14,'Raw Data'!$H$2:$H$36,"Rejected") -> 0 | F14: =C14/B14 -> 0.5
A15: dhcp | B15: =COUNTIF('Raw Data'!$B$2:$B$36,A15) -> 2 | C15: =COUNTIFS('Raw Data'!$B$2:$B$36,A15,'Raw Data'!$H$2:$H$36,"Accepted") -> 2 | D15: =COUNTIFS('Raw Data'!$B$2:$B$36,A15,'Raw Data'!$H$2:$H$36,"Edited") -> 0 | E15: =COUNTIFS('Raw Data'!$B$2:$B$36,A15,'Raw Data'!$H$2:$H$36,"Rejected") -> 0 | F15: =C15/B15 -> 1
A16: dns | B16: =COUNTIF('Raw Data'!$B$2:$B$36,A16) -> 3 | C16: =COUNTIFS('Raw Data'!$B$2:$B$36,A16,'Raw Data'!$H$2:$H$36,"Accepted") -> 1 | D16: =COUNTIFS('Raw Data'!$B$2:$B$36,A16,'Raw Data'!$H$2:$H$36,"Edited") -> 2 | E16: =COUNTIFS('Raw Data'!$B$2:$B$36,A16,'Raw Data'!$H$2:$H$36,"Rejected") -> 0 | F16: =C16/B16 -> 0.33333333
A17: fhrp | B17: =COUNTIF('Raw Data'!$B$2:$B$36,A17) -> 1 | C17: =COUNTIFS('Raw Data'!$B$2:$B$36,A17,'Raw Data'!$H$2:$H$36,"Accepted") -> 0 | D17: =COUNTIFS('Raw Data'!$B$2:$B$36,A17,'Raw Data'!$H$2:$H$36,"Edited") -> 0 | E17: =COUNTIFS('Raw Data'!$B$2:$B$36,A17,'Raw Data'!$H$2:$H$36,"Rejected") -> 1 | F17: =C17/B17 -> 0
A18: ip-addressing | B18: =COUNTIF('Raw Data'!$B$2:$B$36,A18) -> 3 | C18: =COUNTIFS('Raw Data'!$B$2:$B$36,A18,'Raw Data'!$H$2:$H$36,"Accepted") -> 2 | D18: =COUNTIFS('Raw Data'!$B$2:$B$36,A18,'Raw Data'!$H$2:$H$36,"Edited") -> 1 | E18: =COUNTIFS('Raw Data'!$B$2:$B$36,A18,'Raw Data'!$H$2:$H$36,"Rejected") -> 0 | F18: =C18/B18 -> 0.66666667
A19: multi-fault | B19: =COUNTIF('Raw Data'!$B$2:$B$36,A19) -> 3 | C19: =COUNTIFS('Raw Data'!$B$2:$B$36,A19,'Raw Data'!$H$2:$H$36,"Accepted") -> 2 | D19: =COUNTIFS('Raw Data'!$B$2:$B$36,A19,'Raw Data'!$H$2:$H$36,"Edited") -> 1 | E19: =COUNTIFS('Raw Data'!$B$2:$B$36,A19,'Raw Data'!$H$2:$H$36,"Rejected") -> 0 | F19: =C19/B19 -> 0.66666667
A20: nat | B20: =COUNTIF('Raw Data'!$B$2:$B$36,A20) -> 3 | C20: =COUNTIFS('Raw Data'!$B$2:$B$36,A20,'Raw Data'!$H$2:$H$36,"Accepted") -> 3 | D20: =COUNTIFS('Raw Data'!$B$2:$B$36,A20,'Raw Data'!$H$2:$H$36,"Edited") -> 0 | E20: =COUNTIFS('Raw Data'!$B$2:$B$36,A20,'Raw Data'!$H$2:$H$36,"Rejected") -> 0 | F20: =C20/B20 -> 1
A21: qos | B21: =COUNTIF('Raw Data'!$B$2:$B$36,A21) -> 1 | C21: =COUNTIFS('Raw Data'!$B$2:$B$36,A21,'Raw Data'!$H$2:$H$36,"Accepted") -> 1 | D21: =COUNTIFS('Raw Data'!$B$2:$B$36,A21,'Raw Data'!$H$2:$H$36,"Edited") -> 0 | E21: =COUNTIFS('Raw Data'!$B$2:$B$36,A21,'Raw Data'!$H$2:$H$36,"Rejected") -> 0 | F21: =C21/B21 -> 1
A22: routing | B22: =COUNTIF('Raw Data'!$B$2:$B$36,A22) -> 4 | C22: =COUNTIFS('Raw Data'!$B$2:$B$36,A22,'Raw Data'!$H$2:$H$36,"Accepted") -> 2 | D22: =COUNTIFS('Raw Data'!$B$2:$B$36,A22,'Raw Data'!$H$2:$H$36,"Edited") -> 0 | E22: =COUNTIFS('Raw Data'!$B$2:$B$36,A22,'Raw Data'!$H$2:$H$36,"Rejected") -> 2 | F22: =C22/B22 -> 0.5
A23: security | B23: =COUNTIF('Raw Data'!$B$2:$B$36,A23) -> 3 | C23: =COUNTIFS('Raw Data'!$B$2:$B$36,A23,'Raw Data'!$H$2:$H$36,"Accepted") -> 3 | D23: =COUNTIFS('Raw Data'!$B$2:$B$36,A23,'Raw Data'!$H$2:$H$36,"Edited") -> 0 | E23: =COUNTIFS('Raw Data'!$B$2:$B$36,A23,'Raw Data'!$H$2:$H$36,"Rejected") -> 0 | F23: =C23/B23 -> 1
A24: stp | B24: =COUNTIF('Raw Data'!$B$2:$B$36,A24) -> 1 | C24: =COUNTIFS('Raw Data'!$B$2:$B$36,A24,'Raw Data'!$H$2:$H$36,"Accepted") -> 0 | D24: =COUNTIFS('Raw Data'!$B$2:$B$36,A24,'Raw Data'!$H$2:$H$36,"Edited") -> 0 | E24: =COUNTIFS('Raw Data'!$B$2:$B$36,A24,'Raw Data'!$H$2:$H$36,"Rejected") -> 1 | F24: =C24/B24 -> 0
A25: tunnel | B25: =COUNTIF('Raw Data'!$B$2:$B$36,A25) -> 1 | C25: =COUNTIFS('Raw Data'!$B$2:$B$36,A25,'Raw Data'!$H$2:$H$36,"Accepted") -> 1 | D25: =COUNTIFS('Raw Data'!$B$2:$B$36,A25,'Raw Data'!$H$2:$H$36,"Edited") -> 0 | E25: =COUNTIFS('Raw Data'!$B$2:$B$36,A25,'Raw Data'!$H$2:$H$36,"Rejected") -> 0 | F25: =C25/B25 -> 1
... A27: wireless | B27: =COUNTIF('Raw Data'!$B$2:$B$36,A27) -> 3 | C27: =COUNTIFS('Raw Data'!$B$2:$B$36,A27,'Raw Data'!$H$2:$H$36,"Accepted") -> 2 | D27: =COUNTIFS('Raw Data'!$B$2:$B$36,A27,'Raw Data'!$H$2:$H$36,"Edited") -> 1 | E27: =COUNTIFS('Raw Data'!$B$2:$B$36,A27,'Raw Data'!$H$2:$H$36,"Rejected") -> 0 | F27: =C27/B27 -> 0.66666667
A30: By Severity
A31: Severity | B31: Total Cases | C31: Accepted | D31: Edited | E31: Rejected | F31: Accept Rate
A32: high | B32: =COUNTIF('Raw Data'!$D$2:$D$36,A32) -> 12 | C32: =COUNTIFS('Raw Data'!$D$2:$D$36,A32,'Raw Data'!$H$2:$H$36,"Accepted") -> 8 | D32: =COUNTIFS('Raw Data'!$D$2:$D$36,A32,'Raw Data'!$H$2:$H$36,"Edited") -> 2 | E32: =COUNTIFS('Raw Data'!$D$2:$D$36,A32,'Raw Data'!$H$2:$H$36,"Rejected") -> 2 | F32: =C32/B32 -> 0.66666667
A33: medium | B33: =COUNTIF('Raw Data'!$D$2:$D$36,A33) -> 20 | C33: =COUNTIFS('Raw Data'!$D$2:$D$36,A33,'Raw Data'!$H$2:$H$36,"Accepted") -> 15 | D33: =COUNTIFS('Raw Data'!$D$2:$D$36,A33,'Raw Data'!$H$2:$H$36,"Edited") -> 3 | E33: =COUNTIFS('Raw Data'!$D$2:$D$36,A33,'Raw Data'!$H$2:$H$36,"Rejected") -> 2 | F33: =C33/B33 -> 0.75
A34: low | B34: =COUNTIF('Raw Data'!$D$2:$D$36,A34) -> 3 | C34: =COUNTIFS('Raw Data'!$D$2:$D$36,A34,'Raw Data'!$H$2:$H$36,"Accepted") -> 1 | D34: =COUNTIFS('Raw Data'!$D$2:$D$36,A34,'Raw Data'!$H$2:$H$36,"Edited") -> 2 | E34: =COUNTIFS('Raw Data'!$D$2:$D$36,A34,'Raw Data'!$H$2:$H$36,"Rejected") -> 0 | F34: =C34/B34 -> 0.33333333
A37: By OSI Layer
A38: OSI Layer | B38: Total Cases | C38: Accepted | D38: Edited | E38: Rejected | F38: Accept Rate
A39: 1 | B39: =COUNTIF('Raw Data'!$C$2:$C$36,A39) -> 4 | C39: =COUNTIFS('Raw Data'!$C$2:$C$36,A39,'Raw Data'!$H$2:$H$36,"Accepted") -> 3 | D39: =COUNTIFS('Raw Data'!$C$2:$C$36,A39,'Raw Data'!$H$2:$H$36,"Edited") -> 1 | E39: =COUNTIFS('Raw Data'!$C$2:$C$36,A39,'Raw Data'!$H$2:$H$36,"Rejected") -> 0 | F39: =C39/B39 -> 0.75
A40: 2 | B40: =COUNTIF('Raw Data'!$C$2:$C$36,A40) -> 9 | C40: =COUNTIFS('Raw Data'!$C$2:$C$36,A40,'Raw Data'!$H$2:$H$36,"Accepted") -> 7 | D40: =COUNTIFS('Raw Data'!$C$2:$C$36,A40,'Raw Data'!$H$2:$H$36,"Edited") -> 1 | E40: =COUNTIFS('Raw Data'!$C$2:$C$36,A40,'Raw Data'!$H$2:$H$36,"Rejected") -> 1 | F40: =C40/B40 -> 0.77777778
A41: 3 | B41: =COUNTIF('Raw Data'!$C$2:$C$36,A41) -> 16 | C41: =COUNTIFS('Raw Data'!$C$2:$C$36,A41,'Raw Data'!$H$2:$H$36,"Accepted") -> 11 | D41: =COUNTIFS('Raw Data'!$C$2:$C$36,A41,'Raw Data'!$H$2:$H$36,"Edited") -> 2 | E41: =COUNTIFS('Raw Data'!$C$2:$C$36,A41,'Raw Data'!$H$2:$H$36,"Rejected") -> 3 | F41: =C41/B41 -> 0.6875
A42: 4 | B42: =COUNTIF('Raw Data'!$C$2:$C$36,A42) -> 3 | C42: =COUNTIFS('Raw Data'!$C$2:$C$36,A42,'Raw Data'!$H$2:$H$36,"Accepted") -> 2 | D42: =COUNTIFS('Raw Data'!$C$2:$C$36,A42,'Raw Data'!$H$2:$H$36,"Edited") -> 1 | E42: =COUNTIFS('Raw Data'!$C$2:$C$36,A42,'Raw Data'!$H$2:$H$36,"Rejected") -> 0 | F42: =C42/B42 -> 0.66666667
A43: 7 | B43: =COUNTIF('Raw Data'!$C$2:$C$36,A43) -> 3 | C43: =COUNTIFS('Raw Data'!$C$2:$C$36,A43,'Raw Data'!$H$2:$H$36,"Accepted") -> 1 | D43: =COUNTIFS('Raw Data'!$C$2:$C$36,A43,'Raw Data'!$H$2:$H$36,"Edited") -> 2 | E43: =COUNTIFS('Raw Data'!$C$2:$C$36,A43,'Raw Data'!$H$2:$H$36,"Rejected") -> 0 | F43: =C43/B43 -> 0.33333333
A46: Red-Herring Cases: Does a Distractor Fool the AI?
A47: Red Herring? | B47: Total Cases | C47: Accepted | D47: Edited | E47: Rejected | F47: Accept Rate
A48: yes | B48: =COUNTIF('Raw Data'!$F$2:$F$36,A48) -> 9 | C48: =COUNTIFS('Raw Data'!$F$2:$F$36,A48,'Raw Data'!$H$2:$H$36,"Accepted") -> 4 | D48: =COUNTIFS('Raw Data'!$F$2:$F$36,A48,'Raw Data'!$H$2:$H$36,"Edited") -> 3 | E48: =COUNTIFS('Raw Data'!$F$2:$F$36,A48,'Raw Data'!$H$2:$H$36,"Rejected") -> 2 | F48: =C48/B48 -> 0.44444444
A49: no | B49: =COUNTIF('Raw Data'!$F$2:$F$36,A49) -> 26 | C49: =COUNTIFS('Raw Data'!$F$2:$F$36,A49,'Raw Data'!$H$2:$H$36,"Accepted") -> 20 | D49: =COUNTIFS('Raw Data'!$F$2:$F$36,A49,'Raw Data'!$H$2:$H$36,"Edited") -> 4 | E49: =COUNTIFS('Raw Data'!$F$2:$F$36,A49,'Raw Data'!$H$2:$H$36,"Rejected") -> 2 | F49: =C49/B49 -> 0.76923077

Sheet Charts
A1: NetSage AI — Charts
